epoch,minute,state,rss_kb,hwm_kb
1791208847,seg1-start,marker,0,0
1791208850,0,alive,6740,10228
1791208880,0,alive,264856,264856
1791208910,1,alive,264856,264856
1791208940,1,alive,264856,264856
1791208970,2,alive,264856,264856
1791209000,2,alive,264856,264856
1791209030,3,alive,264856,264856
1791209060,3,alive,264856,264856
1791209090,4,alive,264856,264856
1791209120,4,alive,264856,264856
1791209150,5,alive,264856,264856
1791209180,5,alive,264856,264856
1791209210,6,alive,264856,264856
1791209240,6,alive,264856,264856
1791209270,7,alive,264856,264856
1791209300,7,alive,264856,264856
1791209330,8,alive,264856,264856
1791209360,8,alive,264856,264856
1791209395,seg2-start,marker,0,0
1791209398,0,alive,6628,10176
1791209428,0,alive,263080,263080
1791209458,1,alive,263080,263080
1791209488,1,alive,263080,263080
1791209518,2,alive,263080,263080
1791209548,2,alive,263080,263080
1791209578,3,alive,263080,263080
1791209608,3,alive,263080,263080
1791209638,4,alive,263080,263080
1791209668,4,alive,263080,263080
1791209698,5,alive,263080,263080
1791209728,5,alive,263080,263080
1791209758,6,alive,263080,263080
1791209788,6,alive,263080,263080
1791209818,7,alive,263080,263080
1791209848,7,alive,263080,263080
1791209878,8,alive,263080,263080
1791209908,8,alive,263080,263080
1791209941,seg3-start,marker,0,0
1791209944,0,alive,8060,10052
1791209974,0,alive,264072,264072
1791210004,1,alive,264072,264072
1791210034,1,alive,264072,264072
1791210064,2,alive,264072,264072
1791210094,2,alive,264072,264072
1791210124,3,alive,264072,264072
1791210154,3,alive,264072,264072
1791210184,4,alive,264072,264072
1791210214,4,alive,264072,264072
1791210244,5,alive,264072,264072
1791210274,5,alive,264072,264072
1791210304,6,alive,264072,264072
1791210334,6,alive,264072,264072
1791210364,7,alive,264072,264072
1791210394,7,alive,264072,264072
1791210424,8,alive,264072,264072
1791210454,8,alive,264072,264072
1791210488,seg4-start,marker,0,0
1791210491,0,alive,8280,10952
1791210522,0,alive,263800,263800
1791210552,1,alive,263800,263800
1791210582,1,alive,263800,263800
1791210612,2,alive,263800,263800
1791210642,2,alive,263800,263800
1791210672,3,alive,263800,263800
1791210702,3,alive,263800,263800
1791210732,4,alive,263800,263800
1791210762,4,alive,263800,263800
1791210792,5,alive,263800,263800
1791210822,5,alive,263800,263800
1791210852,6,alive,263800,263800
1791210882,6,alive,263800,263800
1791210912,7,alive,263800,263800
1791210942,7,alive,263800,263800
1791210972,8,alive,263800,263800
1791211002,8,alive,263800,263800
1791211038,seg5-start,marker,0,0
1791211041,0,alive,6676,10328
1791211071,0,alive,264616,264616
1791211101,1,alive,264616,264616
1791211131,1,alive,264616,264616
1791211161,2,alive,264616,264616
1791211191,2,alive,264616,264616
1791211222,3,alive,264616,264616
1791211252,3,alive,264616,264616
1791211282,4,alive,264616,264616
1791211312,4,alive,264616,264616
1791211342,5,alive,264616,264616
1791211372,5,alive,264616,264616
1791211402,6,alive,264616,264616
1791211432,6,alive,264616,264616
1791211462,7,alive,264616,264616
1791211492,7,alive,264616,264616
1791211522,8,alive,264616,264616
1791211552,8,alive,264616,264616
1791211587,seg6-start,marker,0,0
1791211590,0,alive,6488,11040
1791211620,0,alive,252164,261004
1791211650,1,alive,252164,261004
1791211680,1,alive,252164,261004
1791211710,2,alive,252164,261004
1791211740,2,alive,252164,261004
1791211770,3,alive,252164,261004
1791211800,3,alive,252164,261004
1791211830,4,alive,252164,261004
1791211860,4,alive,252164,261004
1791211890,5,alive,252164,261004
1791211920,5,alive,252164,261004
1791211950,6,alive,252164,261004
1791211980,6,alive,252164,261004
1791212010,7,alive,252164,261004
1791212040,7,alive,252164,261004
1791212070,8,alive,252164,261004
1791212100,8,alive,252164,261004
